id,name,address,phone,disability,image,email,dob,country
1,John Doe,"123 Main St, Springfield",+1234567890,False,,john.doe@example.com,1985-05-15,1
2,Jane Smith,"456 Elm St, Springfield",+1987654321,True,,jane.smith@example.com,1990-11-20,1
3,Jim Brown,"789 Oak St, Springfield",+1122334455,False,,jim.brown@example.com,1978-02-25,2
4,Emily White,"101 Pine St, Springfield",+1098765432,False,,emily.white@example.com,2000-07-30,3
5,Michael Green,"202 Cedar St, Springfield",+1230984567,True,,michael.green@example.com,1995-09-10,2
6,Linda Black,"303 Maple St, Springfield",+1987432156,False,,linda.black@example.com,1988-03-12,1
7,David Johnson,"404 Birch St, Springfield",+1201987654,True,,david.johnson@example.com,1992-06-18,3
8,Susan Clark,"505 Walnut St, Springfield",+1133445566,False,,susan.clark@example.com,1975-04-22,1
9,James Wilson,"606 Ash St, Springfield",+1445566777,False,,james.wilson@example.com,1983-09-25,2
10,Karen Taylor,"707 Poplar St, Springfield",+1556677888,True,,karen.taylor@example.com,1997-11-30,3
11,Paul Harris,"808 Chestnut St, Springfield",+1667788999,False,,paul.harris@example.com,1990-01-15,1
12,Nancy Martin,"909 Hickory St, Springfield",+1778899000,False,,nancy.martin@example.com,1982-12-10,2
13,Mark Lee,"1010 Willow St, Springfield",+1889900111,True,,mark.lee@example.com,1995-03-05,3
14,Betty Walker,"1111 Pine St, Springfield",+1990011223,False,,betty.walker@example.com,1980-04-15,1
15,Charles Hall,"1212 Cedar St, Springfield",+1201123344,False,,charles.hall@example.com,1989-06-25,2
16,Deborah Young,"1313 Maple St, Springfield",+1312234455,True,,deborah.young@example.com,1992-08-12,3
17,George Allen,"1414 Birch St, Springfield",+1423345566,False,,george.allen@example.com,1977-07-15,1
18,Helen King,"1515 Walnut St, Springfield",+1534456677,False,,helen.king@example.com,1984-11-20,2
19,Brian Wright,"1616 Ash St, Springfield",+1645567788,True,,brian.wright@example.com,1996-05-22,3
20,Laura Scott,"1717 Poplar St, Springfield",+1756678899,False,,laura.scott@example.com,1991-10-10,1
21,Kevin Adams,"1818 Chestnut St, Springfield",+1867789900,False,,kevin.adams@example.com,1983-02-14,2
22,Dorothy Hill,"1919 Hickory St, Springfield",+1978890011,True,,dorothy.hill@example.com,1978-05-30,3
23,Ronald Baker,"2020 Willow St, Springfield",+1200001122,False,,ronald.baker@example.com,1993-09-05,1
24,Lisa Nelson,"2121 Pine St, Springfield",+1311122233,False,,lisa.nelson@example.com,1985-11-12,2
25,Donald Carter,"2222 Cedar St, Springfield",+1422233344,True,,donald.carter@example.com,1996-08-25,3
26,Karen Mitchell,"2323 Maple St, Springfield",+1533344455,False,,karen.mitchell@example.com,1989-07-18,1
27,Steven Perez,"2424 Birch St, Springfield",+1644455566,False,,steven.perez@example.com,1979-10-14,2
28,Sarah Roberts,"2525 Walnut St, Springfield",+1755566677,True,,sarah.roberts@example.com,1992-12-22,3
29,Timothy Turner,"2626 Ash St, Springfield",+1866677788,False,,timothy.turner@example.com,1987-03-11,1
30,Sandra Phillips,"2727 Poplar St, Springfield",+1977788899,False,,sandra.phillips@example.com,1982-05-30,2
31,Daniel Campbell,"2828 Chestnut St, Springfield",+1200099876,True,,daniel.campbell@example.com,1994-07-07,3
32,Amy Parker,"2929 Hickory St, Springfield",+1311999988,False,,amy.parker@example.com,1990-09-23,1
33,Matthew Evans,"3030 Willow St, Springfield",+1422998877,False,,matthew.evans@example.com,1988-06-18,2
34,Rebecca Edwards,"3131 Pine St, Springfield",+1533997766,True,,rebecca.edwards@example.com,1976-12-30,3
35,Christopher Collins,"3232 Cedar St, Springfield",+1644996655,False,,christopher.collins@example.com,1995-02-15,1
36,Patricia Stewart,"3333 Maple St, Springfield",+1755995544,False,,patricia.stewart@example.com,1981-04-20,2
37,Joseph Morris,"3434 Birch St, Springfield",+1866994433,True,,joseph.morris@example.com,1979-01-25,3
38,Jessica Rogers,"3535 Walnut St, Springfield",+1977993322,False,,jessica.rogers@example.com,1987-11-07,1
39,Joshua Reed,"3636 Ash St, Springfield",+1201112233,False,,joshua.reed@example.com,1991-10-05,2
40,Ashley Cook,"3737 Poplar St, Springfield",+1312113344,True,,ashley.cook@example.com,1984-12-25,3
41,Jacob Bailey,"3838 Chestnut St, Springfield",+1423114455,False,,jacob.bailey@example.com,1990-01-30,1
42,Michelle Rivera,"3939 Hickory St, Springfield",+1534115566,False,,michelle.rivera@example.com,1982-03-15,2
43,Larry Sanchez,"4040 Willow St, Springfield",+1645116677,True,,larry.sanchez@example.com,1977-08-20,3
44,Kimberly Russell,"4141 Pine St, Springfield",+1756117788,False,,kimberly.russell@example.com,1993-06-18,1
45,Jeffrey Hayes,"4242 Cedar St, Springfield",+1867118899,False,,jeffrey.hayes@example.com,1994-09-14,2
46,Anna Bryant,"4343 Maple St, Springfield",+1978119900,True,,anna.bryant@example.com,1988-11-30,3
47,Ryan Martinez,"4444 Birch St, Springfield",+1201220011,False,,ryan.martinez@example.com,1989-12-17,1
48,Stephanie Gonzalez,"4545 Walnut St, Springfield",+1312221122,False,,stephanie.gonzalez@example.com,1991-07-29,2
49,Eric Bell,"4646 Ash St, Springfield",+1423222233,True,,eric.bell@example.com,1980-05-18,3
50,Carol Allen,"4747 Poplar St, Springfield",+1534223344,False,,carol.allen@example.com,1983-10-30,1
